EMPLOYEE_ID,FIRST_NAME,LAST_NAME,DEPARTMENT,LOCATION,SALARY,JOIN_DATE
1,Tanvi,Singh,IT,Pune,86000,2020-07-03
2,Deepak,Desai,HR,Noida,51000,2024-08-15
3,Pranav,Patel,IT,Bengaluru,82000,2020-08-10
4,Rohan,Bose,IT,Noida,80000,2026-01-11
5,Varun,Kulkarni,Customer Support,Gurugram,44000,2023-01-14
6,Siddharth,Mehta,IT,Hyderabad,144000,2022-09-28
7,Meera,Mehta,Finance,Mumbai,147000,2021-10-10
8,Bhavya,Kumar,Data Engineering,Bengaluru,156000,2021-11-09
9,Sneha,Mehta,IT,Kolkata,123000,2019-05-27
10,Nikhil,Kumar,Customer Support,Pune,83000,2025-01-18
11,Sonia,Banerjee,Operations,Coimbatore,64000,2025-11-25
12,Arjun,Patel,Sales,Pune,50000,2020-08-11
13,Bhavya,Rao,Marketing,Kolkata,126000,2022-02-03
14,Esha,Shah,Operations,Mumbai,125000,2020-12-29
15,Yash,Jain,HR,Coimbatore,61000,2023-12-28
16,Ishaan,Nair,Analytics,Gurugram,94000,2025-03-06
17,Yash,Kapoor,Sales,Delhi,147000,2026-08-14
18,Ananya,Gupta,IT,Delhi,106000,2021-01-01
19,Arjun,Iyer,Procurement,Delhi,72000,2025-05-08
20,Riya,Rao,Analytics,Hyderabad,93000,2019-07-26
21,Ishaan,Desai,Customer Support,Noida,46000,2026-05-18
22,Siddharth,Menon,Procurement,Gurugram,91000,2020-06-17
23,Deepak,Mishra,Analytics,Bengaluru,156000,2018-07-12
24,Chetan,Reddy,Finance,Gurugram,126000,2018-09-18
25,Nikhil,Rao,Procurement,Kolkata,112000,2020-10-26
26,Sameer,Chatterjee,IT,Bengaluru,142000,2024-01-09
27,Karan,Sinha,Operations,Bengaluru,77000,2022-11-16
28,Esha,Pillai,IT,Pune,179000,2023-08-13
29,Farhan,Mishra,HR,Pune,104000,2024-10-30
30,Gaurav,Reddy,Operations,Hyderabad,109000,2023-12-13
31,Aarav,Bose,Operations,Kolkata,42000,2019-04-04
32,Neha,Banerjee,Marketing,Mumbai,52000,2020-09-13
33,Shreya,Kumar,HR,Kolkata,48000,2026-07-13
34,Sakshi,Sinha,Finance,Hyderabad,134000,2023-05-01
35,Sameer,Nair,Marketing,Noida,122000,2022-09-30
36,Harish,Jain,Customer Support,Mumbai,75000,2021-06-30
37,Nisha,Bhat,Operations,Kolkata,106000,2023-01-24
38,Chetan,Gupta,Sales,Bengaluru,83000,2018-03-28
39,Siddharth,Kapoor,Sales,Coimbatore,68000,2018-01-30
40,Arjun,Kulkarni,IT,Mumbai,63000,2018-05-09
41,Meera,Kumar,Customer Support,Mumbai,47000,2025-07-03
42,Riya,Iyer,Customer Support,Hyderabad,76000,2024-05-27
43,Shreya,Das,Sales,Kolkata,143000,2022-07-26
44,Gaurav,Singh,HR,Gurugram,85000,2022-10-01
45,Pooja,Pillai,IT,Bengaluru,62000,2022-07-08
46,Meera,Agarwal,HR,Mumbai,64000,2020-02-19
47,Sakshi,Pillai,Finance,Gurugram,73000,2021-02-14
48,Rahul,Gupta,HR,Kolkata,110000,2019-02-06
49,Ananya,Chopra,Customer Support,Chennai,35000,2026-06-14
50,Ishaan,Nair,Data Engineering,Kolkata,188000,2020-05-25
51,Nisha,Banerjee,IT,Hyderabad,103000,2018-01-09
52,Nikhil,Mehta,Analytics,Pune,114000,2025-10-24
53,Sameer,Bhat,Analytics,Hyderabad,84000,2021-04-30
54,Harish,Patel,Procurement,Noida,52000,2026-05-22
55,Manish,Patel,IT,Coimbatore,116000,2023-08-22
56,Sahil,Nair,IT,Noida,65000,2020-02-01
57,Arjun,Bose,HR,Mumbai,91000,2019-05-07
58,Shreya,Gupta,Procurement,Coimbatore,50000,2024-12-11
59,Aryan,Menon,Procurement,Coimbatore,111000,2021-07-19
60,Jatin,Iyer,Operations,Mumbai,73000,2022-06-10
61,Deepak,Bhat,Marketing,Kolkata,85000,2026-06-07
62,Arjun,Sharma,Analytics,Coimbatore,132000,2019-02-14
63,Arjun,Kapoor,Sales,Noida,73000,2019-06-27
64,Mohit,Banerjee,HR,Mumbai,87000,2021-03-13
65,Esha,Pillai,Customer Support,Pune,69000,2025-05-02
66,Sahil,Sharma,Customer Support,Pune,89000,2025-06-10
67,Bhavya,Banerjee,Finance,Pune,64000,2019-03-15
68,Sameer,Reddy,Marketing,Pune,122000,2020-05-12
69,Zoya,Verma,Sales,Pune,104000,2023-06-25
70,Jatin,Banerjee,IT,Bengaluru,136000,2022-10-01
71,Karan,Patel,IT,Delhi,153000,2019-06-20
72,Tanvi,Mehta,Finance,Kolkata,120000,2025-11-30
73,Pranav,Kapoor,IT,Bengaluru,64000,2025-10-01
74,Diya,Kapoor,IT,Delhi,129000,2024-03-13
75,Diya,Menon,Finance,Chennai,89000,2022-02-02
76,Akash,Banerjee,Operations,Mumbai,127000,2020-10-19
77,Vikas,Singh,Operations,Noida,92000,2024-12-17
78,Diya,Jain,Sales,Hyderabad,142000,2019-12-27
79,Pooja,Sharma,Finance,Delhi,150000,2022-08-14
80,Vikas,Chatterjee,Sales,Pune,60000,2025-11-12
81,Bhavya,Rao,IT,Kolkata,83000,2020-03-28
82,Rahul,Shah,Marketing,Mumbai,73000,2018-04-07
83,Vikas,Iyer,Data Engineering,Delhi,136000,2018-10-12
84,Karan,Shah,Customer Support,Gurugram,73000,2024-01-06
85,Meera,Sharma,HR,Pune,62000,2024-07-06
86,Jatin,Patel,HR,Coimbatore,95000,2021-11-16
87,Manish,Menon,Procurement,Noida,59000,2022-04-27
88,Shreya,Iyer,Marketing,Chennai,135000,2022-11-22
89,Aarav,Mishra,Customer Support,Mumbai,53000,2022-11-02
90,Arjun,Bhat,Operations,Coimbatore,80000,2025-06-10
91,Chetan,Desai,Marketing,Noida,84000,2025-06-24
92,Pooja,Verma,Data Engineering,Pune,97000,2020-02-25
93,Pooja,Bhat,Data Engineering,Hyderabad,142000,2022-07-22
94,Sameer,Naidu,IT,Pune,91000,2020-05-10
95,Pranav,Agarwal,Procurement,Coimbatore,128000,2021-08-12
96,Rahul,Pillai,Analytics,Mumbai,125000,2023-04-23
97,Esha,Bhat,HR,Pune,105000,2025-06-12
98,Tanvi,Bose,Operations,Bengaluru,70000,2025-07-18
99,Kiran,Gupta,Sales,Hyderabad,43000,2018-07-09
100,Ishaan,Das,Procurement,Bengaluru,103000,2022-08-25
101,Tanvi,Malhotra,Sales,Gurugram,103000,2022-06-25
102,Ishaan,Reddy,IT,Bengaluru,154000,2022-10-08
103,Isha,Nair,Customer Support,Kolkata,33000,2024-04-02
104,Ishaan,Jain,HR,Kolkata,57000,2023-03-19
105,Vikas,Mishra,Customer Support,Coimbatore,50000,2026-06-21
106,Priya,Bose,Customer Support,Gurugram,83000,2024-02-23
107,Priya,Banerjee,Finance,Kolkata,107000,2020-11-27
108,Ishaan,Naidu,Marketing,Noida,107000,2025-01-11
109,Ishaan,Mehta,Analytics,Bengaluru,151000,2021-03-16
110,Ishaan,Mehta,Operations,Delhi,109000,2018-11-27
111,Deepak,Reddy,Sales,Gurugram,128000,2019-09-18
112,Zoya,Iyer,HR,Gurugram,92000,2021-09-17
113,Sakshi,Pillai,Data Engineering,Chennai,117000,2022-09-17
114,Nikhil,Banerjee,Procurement,Chennai,118000,2022-04-08
115,Rakesh,Sharma,Operations,Pune,89000,2022-09-13
116,Sakshi,Desai,Customer Support,Coimbatore,87000,2020-06-22
117,Riya,Gupta,Marketing,Gurugram,107000,2018-04-29
118,Nikhil,Verma,Data Engineering,Hyderabad,184000,2019-06-07
119,Sonia,Kapoor,IT,Gurugram,130000,2024-04-30
120,Vikas,Sharma,HR,Gurugram,57000,2023-03-07
121,Farhan,Patel,Marketing,Gurugram,86000,2020-05-16
122,Rahul,Verma,Operations,Gurugram,75000,2026-06-08
123,Pooja,Mehta,HR,Kolkata,42000,2026-05-27
124,Sakshi,Patel,Operations,Mumbai,123000,2018-10-09
125,Varun,Patel,IT,Mumbai,80000,2018-03-25
126,Sonia,Reddy,Sales,Hyderabad,100000,2025-07-05
127,Chetan,Malhotra,Sales,Kolkata,129000,2020-11-15
128,Neha,Nair,Procurement,Coimbatore,59000,2019-11-02
129,Kiran,Singh,Procurement,Chennai,84000,2024-06-16
130,Vivek,Jain,Data Engineering,Gurugram,115000,2018-11-08
131,Siddharth,Kulkarni,Sales,Bengaluru,129000,2021-05-20
132,Vivek,Bose,HR,Coimbatore,45000,2021-11-23
133,Sakshi,Menon,Operations,Bengaluru,104000,2025-04-06
134,Meera,Sharma,Data Engineering,Kolkata,92000,2022-11-11
135,Neha,Chopra,Analytics,Hyderabad,115000,2019-12-23
136,Sahil,Chopra,Marketing,Coimbatore,113000,2023-06-04
137,Rahul,Menon,Procurement,Pune,86000,2020-10-02
138,Aryan,Mehta,Analytics,Mumbai,156000,2023-03-19
139,Shreya,Bose,Data Engineering,Delhi,72000,2023-07-18
140,Manish,Nair,Analytics,Mumbai,105000,2020-11-24
141,Meera,Mehta,Procurement,Pune,116000,2018-02-11
142,Sahil,Iyer,HR,Mumbai,92000,2023-06-25
143,Sameer,Sinha,Sales,Kolkata,122000,2025-12-25
144,Riya,Pillai,IT,Bengaluru,92000,2020-06-26
145,Nisha,Kulkarni,Sales,Pune,124000,2024-07-10
146,Neha,Das,Customer Support,Noida,52000,2022-10-09
147,Sameer,Verma,Operations,Kolkata,74000,2021-06-09
148,Jatin,Gupta,HR,Mumbai,80000,2019-05-05
149,Sakshi,Sinha,Finance,Mumbai,77000,2026-04-14
150,Rakesh,Mehta,Procurement,Noida,121000,2021-03-05
151,Bhavya,Naidu,Sales,Pune,69000,2022-01-18
152,Farhan,Joshi,IT,Noida,71000,2021-01-28
153,Akash,Patel,Customer Support,Pune,74000,2019-06-02
154,Tanvi,Chatterjee,Analytics,Bengaluru,171000,2018-02-20
155,Shreya,Joshi,Analytics,Kolkata,116000,2021-10-27
156,Farhan,Patel,Marketing,Kolkata,59000,2018-09-25
157,Nisha,Das,HR,Coimbatore,120000,2025-09-12
158,Ananya,Reddy,Finance,Coimbatore,88000,2018-12-15
159,Ishaan,Singh,Customer Support,Gurugram,68000,2024-09-07
160,Sonia,Gupta,Customer Support,Gurugram,58000,2022-12-19
161,Kiran,Chatterjee,Procurement,Gurugram,84000,2024-05-18
162,Sonia,Patel,Procurement,Bengaluru,71000,2025-01-06
163,Harish,Mehta,HR,Hyderabad,70000,2019-12-13
164,Sameer,Kumar,Finance,Chennai,102000,2023-01-20
165,Yash,Bose,Analytics,Pune,64000,2020-08-06
166,Kavya,Kulkarni,Marketing,Kolkata,54000,2025-09-16
167,Isha,Jain,Marketing,Coimbatore,129000,2020-03-21
168,Pranav,Singh,Customer Support,Mumbai,71000,2019-09-03
169,Karan,Naidu,Finance,Bengaluru,57000,2019-11-11
170,Kiran,Bose,Procurement,Pune,101000,2019-05-25
171,Rahul,Kulkarni,Marketing,Gurugram,79000,2023-08-12
172,Sakshi,Das,Analytics,Bengaluru,136000,2018-06-13
173,Pranav,Desai,Operations,Coimbatore,72000,2018-04-16
174,Aryan,Gupta,Procurement,Coimbatore,47000,2026-07-30
175,Vivek,Naidu,Marketing,Coimbatore,50000,2026-07-23
176,Farhan,Das,Customer Support,Kolkata,88000,2021-02-13
177,Farhan,Malhotra,Data Engineering,Kolkata,88000,2023-04-10
178,Mohit,Menon,Operations,Delhi,125000,2019-03-05
179,Esha,Verma,Data Engineering,Kolkata,138000,2025-06-06
180,Nisha,Naidu,Customer Support,Chennai,59000,2018-12-27
181,Manish,Mehta,Operations,Bengaluru,91000,2023-10-09
182,Aarav,Bhat,Customer Support,Kolkata,56000,2018-08-11
183,Gaurav,Mishra,Operations,Coimbatore,103000,2025-01-05
184,Priya,Sinha,IT,Mumbai,89000,2024-02-28
185,Deepak,Jain,Marketing,Kolkata,134000,2023-06-09
186,Chetan,Sharma,Procurement,Mumbai,65000,2021-06-26
187,Sameer,Sharma,Customer Support,Gurugram,35000,2020-07-09
188,Chetan,Pillai,HR,Hyderabad,103000,2026-01-14
189,Kavya,Mishra,Marketing,Gurugram,106000,2023-04-19
190,Ishaan,Pillai,Customer Support,Hyderabad,54000,2020-02-20
191,Sneha,Mishra,Finance,Bengaluru,85000,2022-08-27
192,Meera,Jain,Customer Support,Pune,82000,2018-01-11
193,Kavya,Desai,Marketing,Coimbatore,119000,2025-05-27
194,Riya,Chatterjee,Finance,Kolkata,118000,2023-06-07
195,Mohit,Verma,Customer Support,Noida,54000,2023-02-09
196,Manish,Chatterjee,Sales,Mumbai,113000,2022-04-18
197,Isha,Chatterjee,Data Engineering,Chennai,146000,2026-05-09
198,Rakesh,Kulkarni,Data Engineering,Gurugram,103000,2023-07-22
199,Akash,Reddy,Customer Support,Coimbatore,51000,2019-02-16
200,Priya,Singh,Customer Support,Kolkata,30000,2026-02-07
201,Diya,Menon,Finance,Bengaluru,110000,2020-12-21
202,Meera,Bose,Data Engineering,Bengaluru,149000,2025-07-25
203,Sakshi,Rao,Operations,Kolkata,109000,2018-05-28
204,Sonia,Kumar,Sales,Pune,69000,2026-05-17
205,Aryan,Menon,HR,Bengaluru,96000,2019-11-13
206,Yash,Joshi,IT,Chennai,96000,2018-08-18
207,Kavya,Shah,Operations,Gurugram,58000,2020-09-27
208,Sahil,Menon,Procurement,Hyderabad,66000,2019-12-19
209,Aryan,Bose,Data Engineering,Coimbatore,126000,2023-08-01
210,Siddharth,Reddy,Sales,Kolkata,121000,2020-11-06
211,Rahul,Mehta,IT,Kolkata,170000,2021-03-24
212,Vivek,Kapoor,Finance,Bengaluru,106000,2021-11-16
213,Siddharth,Joshi,Data Engineering,Pune,181000,2021-05-22
214,Gaurav,Rao,Analytics,Bengaluru,90000,2022-04-12
215,Shreya,Shah,Procurement,Pune,82000,2018-03-31
216,Vikas,Rao,Marketing,Chennai,117000,2025-09-10
217,Ananya,Jain,Procurement,Kolkata,81000,2020-07-31
218,Sneha,Agarwal,Operations,Mumbai,121000,2020-02-18
219,Sonia,Mehta,Finance,Bengaluru,130000,2025-04-01
220,Akash,Joshi,Analytics,Chennai,134000,2022-02-03
221,Deepak,Kumar,Marketing,Delhi,140000,2022-08-29
222,Farhan,Iyer,Finance,Noida,96000,2023-12-15
223,Rohan,Jain,Marketing,Hyderabad,77000,2023-05-28
224,Kavya,Desai,Operations,Bengaluru,99000,2018-11-05
225,Diya,Sinha,Sales,Gurugram,148000,2024-04-01
226,Neha,Kumar,Data Engineering,Chennai,132000,2024-01-07
227,Chetan,Pillai,Operations,Pune,114000,2022-04-10
228,Tanvi,Shah,HR,Mumbai,100000,2018-04-13
229,Sonia,Banerjee,Customer Support,Delhi,88000,2024-11-03
230,Isha,Chopra,HR,Kolkata,78000,2025-04-13
231,Pooja,Singh,Finance,Chennai,54000,2021-05-31
232,Riya,Singh,HR,Mumbai,108000,2019-07-10
233,Nikhil,Pillai,Operations,Noida,93000,2024-08-02
234,Diya,Banerjee,Data Engineering,Bengaluru,190000,2024-11-26
235,Pooja,Mehta,IT,Delhi,82000,2022-12-22
236,Priya,Gupta,Operations,Bengaluru,127000,2022-02-13
237,Sakshi,Banerjee,Operations,Chennai,90000,2021-02-04
238,Gaurav,Singh,Analytics,Bengaluru,144000,2020-05-18
239,Varun,Chopra,Procurement,Chennai,51000,2021-09-28
240,Ishaan,Reddy,Procurement,Mumbai,53000,2026-08-01
241,Sameer,Iyer,Procurement,Mumbai,74000,2021-09-07
242,Diya,Agarwal,Procurement,Chennai,80000,2019-08-16
243,Deepak,Kapoor,Marketing,Hyderabad,59000,2025-05-31
244,Aditi,Reddy,IT,Delhi,156000,2020-09-01
245,Siddharth,Verma,IT,Hyderabad,88000,2018-08-03
246,Deepak,Desai,Data Engineering,Noida,94000,2026-05-13
247,Arjun,Das,Analytics,Delhi,125000,2024-08-28
248,Bhavya,Pillai,Customer Support,Mumbai,90000,2024-11-24
249,Akash,Desai,Customer Support,Pune,59000,2025-03-20
250,Aditi,Patel,Analytics,Gurugram,114000,2025-09-11
251,Bhavya,Das,Analytics,Bengaluru,175000,2018-11-27
252,Manish,Bose,Finance,Bengaluru,66000,2021-01-31
253,Sonia,Chopra,Procurement,Noida,86000,2022-04-10
254,Sneha,Mishra,Marketing,Kolkata,109000,2024-10-15
255,Pranav,Singh,HR,Noida,67000,2022-10-28
256,Priya,Banerjee,Sales,Gurugram,83000,2023-02-01
257,Nisha,Menon,HR,Delhi,94000,2021-07-04
258,Vikas,Mehta,Operations,Hyderabad,127000,2023-04-27
259,Arjun,Kumar,HR,Bengaluru,95000,2019-01-31
260,Neha,Agarwal,Finance,Noida,57000,2024-07-30
261,Sameer,Kapoor,Operations,Bengaluru,92000,2021-12-19
262,Vikas,Sinha,Data Engineering,Chennai,138000,2024-09-25
263,Kiran,Shah,HR,Coimbatore,104000,2020-05-21
264,Diya,Bhat,Analytics,Mumbai,168000,2019-03-20
265,Mohit,Chatterjee,Customer Support,Delhi,37000,2026-07-21
266,Karan,Malhotra,Sales,Gurugram,148000,2024-04-16
267,Sonia,Bose,Customer Support,Chennai,68000,2025-05-18
268,Yash,Mehta,IT,Hyderabad,89000,2025-11-18
269,Kiran,Jain,Operations,Delhi,40000,2020-01-14
270,Diya,Malhotra,Data Engineering,Bengaluru,101000,2026-04-24
271,Tanvi,Sharma,HR,Noida,67000,2022-03-21
272,Pooja,Pillai,Operations,Hyderabad,87000,2021-06-30
273,Manish,Sinha,Procurement,Coimbatore,55000,2018-08-04
274,Diya,Nair,Procurement,Chennai,55000,2021-01-19
275,Priya,Bhat,Data Engineering,Kolkata,178000,2022-08-24
276,Karan,Iyer,Customer Support,Bengaluru,52000,2022-10-27
277,Chetan,Joshi,Procurement,Kolkata,112000,2025-06-25
278,Kiran,Patel,Sales,Gurugram,116000,2018-08-13
279,Aarav,Iyer,Marketing,Mumbai,62000,2026-07-28
280,Jatin,Joshi,Operations,Bengaluru,40000,2023-07-31
281,Pranav,Nair,Finance,Gurugram,118000,2025-11-22
282,Isha,Mishra,Customer Support,Delhi,34000,2022-06-15
283,Akash,Menon,IT,Kolkata,172000,2018-11-15
284,Manish,Malhotra,Data Engineering,Coimbatore,168000,2025-12-16
285,Tanvi,Menon,Marketing,Bengaluru,96000,2018-03-27
286,Manish,Nair,Procurement,Kolkata,91000,2018-12-27
287,Pranav,Chatterjee,HR,Mumbai,95000,2024-08-09
288,Nisha,Mishra,HR,Gurugram,79000,2026-05-13
289,Meera,Gupta,Operations,Hyderabad,49000,2023-09-22
290,Tanvi,Singh,Customer Support,Noida,42000,2021-12-02
291,Mohit,Desai,Finance,Mumbai,63000,2019-08-23
292,Jatin,Iyer,Finance,Coimbatore,69000,2026-07-11
293,Varun,Kumar,Finance,Kolkata,109000,2026-06-18
294,Shreya,Sinha,Procurement,Kolkata,117000,2025-03-18
295,Tanvi,Bose,Operations,Delhi,59000,2022-12-07
296,Arjun,Das,Analytics,Pune,161000,2021-01-30
297,Siddharth,Patel,Operations,Noida,49000,2021-06-25
298,Rahul,Pillai,IT,Chennai,102000,2021-03-21
299,Arjun,Chopra,HR,Coimbatore,116000,2023-09-08
300,Nikhil,Pillai,Procurement,Noida,50000,2023-01-17
301,Shreya,Chopra,Sales,Delhi,117000,2023-05-03
302,Rohan,Reddy,IT,Kolkata,68000,2021-11-07
303,Zoya,Kumar,Customer Support,Hyderabad,32000,2020-10-11
304,Zoya,Pillai,Analytics,Noida,126000,2024-11-02
305,Esha,Shah,Operations,Pune,89000,2022-08-02
306,Meera,Bhat,Procurement,Chennai,125000,2025-04-05
307,Meera,Kumar,Operations,Bengaluru,111000,2025-08-10
308,Nikhil,Joshi,Marketing,Coimbatore,64000,2021-09-27
309,Aryan,Malhotra,Finance,Delhi,89000,2025-05-11
310,Yash,Bhat,Data Engineering,Hyderabad,86000,2021-06-22
311,Sameer,Rao,Operations,Hyderabad,125000,2025-11-18
312,Vivek,Jain,Customer Support,Bengaluru,71000,2025-07-09
313,Pranav,Mishra,Operations,Chennai,86000,2021-06-19
314,Farhan,Iyer,Operations,Kolkata,64000,2020-07-16
315,Deepak,Reddy,HR,Pune,52000,2023-09-11
316,Sakshi,Naidu,Customer Support,Chennai,72000,2021-10-11
317,Sonia,Reddy,Procurement,Gurugram,64000,2019-10-27
318,Farhan,Naidu,Procurement,Hyderabad,101000,2018-06-28
319,Pooja,Shah,Sales,Kolkata,118000,2021-03-13
320,Priya,Gupta,Customer Support,Mumbai,49000,2023-04-06
321,Gaurav,Shah,Procurement,Kolkata,104000,2021-02-28
322,Nikhil,Mishra,Customer Support,Gurugram,40000,2020-03-28
323,Sneha,Reddy,Marketing,Chennai,127000,2023-05-23
324,Neha,Kapoor,HR,Noida,55000,2021-03-13
325,Aryan,Sinha,Finance,Pune,107000,2023-10-04
326,Diya,Naidu,Data Engineering,Bengaluru,121000,2023-01-22
327,Mohit,Jain,IT,Gurugram,61000,2022-06-12
328,Rohan,Shah,Sales,Gurugram,50000,2022-03-16
329,Isha,Sharma,Operations,Bengaluru,123000,2021-10-05
330,Diya,Reddy,IT,Pune,172000,2023-04-20
331,Yash,Naidu,Finance,Kolkata,107000,2024-11-25
332,Aarav,Banerjee,HR,Chennai,72000,2020-06-02
333,Diya,Kapoor,Procurement,Noida,99000,2019-04-01
334,Kavya,Gupta,Marketing,Bengaluru,51000,2020-09-03
335,Pooja,Chopra,Procurement,Kolkata,53000,2019-03-31
336,Riya,Bose,Customer Support,Chennai,70000,2023-10-12
337,Shreya,Gupta,Finance,Pune,104000,2018-01-07
338,Sonia,Shah,Sales,Coimbatore,93000,2020-02-07
339,Vikas,Bhat,HR,Noida,86000,2018-10-05
340,Sahil,Kapoor,Customer Support,Noida,65000,2018-03-25
341,Nikhil,Chatterjee,Analytics,Chennai,141000,2022-05-04
342,Neha,Mehta,IT,Delhi,155000,2018-10-04
343,Mohit,Gupta,HR,Coimbatore,82000,2019-07-01
344,Akash,Shah,Customer Support,Delhi,82000,2025-03-17
345,Farhan,Naidu,Analytics,Kolkata,140000,2020-01-17
346,Deepak,Kumar,Analytics,Chennai,97000,2020-04-05
347,Akash,Agarwal,Sales,Chennai,80000,2021-06-24
348,Rohan,Rao,Customer Support,Kolkata,46000,2018-05-30
349,Varun,Iyer,Marketing,Delhi,51000,2025-05-09
350,Meera,Mehta,HR,Delhi,95000,2022-06-27
351,Priya,Banerjee,Data Engineering,Delhi,112000,2023-07-26
352,Yash,Das,Operations,Noida,74000,2018-12-05
353,Pranav,Kumar,Data Engineering,Coimbatore,111000,2024-02-13
354,Kavya,Verma,HR,Bengaluru,81000,2025-05-31
355,Kavya,Joshi,Analytics,Coimbatore,151000,2022-10-12
356,Esha,Kulkarni,Analytics,Delhi,117000,2018-06-23
357,Mohit,Bose,Data Engineering,Pune,79000,2018-11-04
358,Vikas,Chopra,Data Engineering,Delhi,196000,2026-05-30
359,Vivek,Nair,IT,Hyderabad,163000,2024-10-24
360,Vivek,Agarwal,Analytics,Chennai,76000,2018-10-03
361,Ishaan,Sinha,Operations,Delhi,89000,2024-05-12
362,Akash,Bose,Finance,Kolkata,97000,2022-03-04
363,Priya,Sinha,HR,Coimbatore,57000,2023-12-09
364,Neha,Rao,Operations,Pune,71000,2019-04-10
365,Aditi,Desai,Finance,Kolkata,116000,2022-05-05
366,Sameer,Singh,Marketing,Pune,135000,2023-01-02
367,Harish,Bose,Marketing,Kolkata,70000,2019-05-18
368,Deepak,Chatterjee,HR,Kolkata,62000,2025-12-31
369,Priya,Kumar,Operations,Delhi,130000,2018-09-23
370,Sameer,Kapoor,Marketing,Pune,65000,2025-12-25
371,Zoya,Jain,Finance,Delhi,115000,2020-07-07
372,Chetan,Iyer,Finance,Mumbai,151000,2023-07-17
373,Aditi,Shah,Customer Support,Coimbatore,53000,2023-03-30
374,Sameer,Reddy,Procurement,Bengaluru,53000,2021-06-20
375,Nisha,Kulkarni,Analytics,Noida,112000,2022-08-05
376,Shreya,Kumar,Finance,Delhi,132000,2018-10-31
377,Priya,Pillai,Customer Support,Delhi,38000,2024-03-08
378,Tanvi,Malhotra,Finance,Hyderabad,105000,2023-08-22
379,Ananya,Naidu,HR,Noida,59000,2021-05-30
380,Esha,Nair,Operations,Mumbai,84000,2023-10-27
381,Kavya,Chatterjee,HR,Pune,65000,2025-02-14
382,Sameer,Mehta,Finance,Pune,128000,2023-12-26
383,Aryan,Mishra,Finance,Coimbatore,124000,2019-09-24
384,Esha,Bhat,Procurement,Coimbatore,88000,2024-04-27
385,Akash,Naidu,IT,Bengaluru,60000,2025-03-12
386,Shreya,Mehta,Sales,Coimbatore,93000,2024-12-06
387,Tanvi,Sharma,Analytics,Noida,97000,2025-03-14
388,Kiran,Das,Sales,Gurugram,78000,2023-02-01
389,Arjun,Kulkarni,IT,Hyderabad,111000,2022-08-30
390,Rakesh,Pillai,Sales,Delhi,117000,2019-08-12
391,Manish,Chatterjee,Operations,Delhi,91000,2019-06-20
392,Neha,Mishra,Customer Support,Bengaluru,50000,2020-09-17
393,Rahul,Singh,Marketing,Kolkata,76000,2019-08-01
394,Bhavya,Patel,Marketing,Gurugram,123000,2022-09-09
395,Ishaan,Chatterjee,Finance,Delhi,123000,2026-02-01
396,Manish,Iyer,Finance,Kolkata,115000,2023-03-28
397,Riya,Banerjee,Marketing,Kolkata,47000,2019-01-04
398,Nisha,Mishra,Analytics,Mumbai,87000,2024-07-17
399,Mohit,Patel,IT,Pune,118000,2024-09-13
400,Varun,Bhat,Analytics,Pune,128000,2018-02-03
401,Bhavya,Menon,Finance,Pune,143000,2022-02-07
402,Nisha,Shah,IT,Gurugram,61000,2024-05-24
403,Sameer,Iyer,Operations,Noida,76000,2018-10-29
404,Nikhil,Mishra,Analytics,Noida,95000,2024-12-27
405,Vivek,Bose,HR,Hyderabad,52000,2022-06-02
406,Neha,Agarwal,Operations,Noida,86000,2026-06-20
407,Diya,Iyer,Procurement,Noida,96000,2023-08-11
408,Akash,Patel,IT,Hyderabad,146000,2021-09-26
409,Rakesh,Mishra,Analytics,Hyderabad,137000,2023-10-13
410,Deepak,Verma,Procurement,Delhi,65000,2022-05-29
411,Sonia,Desai,Marketing,Coimbatore,88000,2023-09-09
412,Rohan,Kapoor,Analytics,Coimbatore,98000,2023-04-30
413,Aditi,Shah,Operations,Bengaluru,93000,2024-07-18
414,Kiran,Agarwal,IT,Coimbatore,115000,2020-12-23
415,Varun,Agarwal,Procurement,Coimbatore,74000,2026-02-02
416,Ananya,Malhotra,Analytics,Hyderabad,127000,2025-01-20
417,Sonia,Sinha,Data Engineering,Hyderabad,127000,2018-05-10
418,Shreya,Kulkarni,HR,Mumbai,42000,2022-12-12
419,Manish,Menon,Finance,Gurugram,138000,2020-04-15
420,Pooja,Mishra,Procurement,Kolkata,52000,2025-11-30
421,Deepak,Mishra,Sales,Noida,81000,2025-06-05
422,Rakesh,Mishra,Data Engineering,Delhi,109000,2023-02-26
423,Sakshi,Verma,Customer Support,Delhi,73000,2026-01-31
424,Vivek,Chopra,Marketing,Coimbatore,106000,2020-02-27
425,Ishaan,Mehta,Customer Support,Pune,44000,2021-05-04
426,Kavya,Kulkarni,Sales,Kolkata,80000,2023-05-20
427,Mohit,Kapoor,Marketing,Pune,60000,2024-06-06
428,Vivek,Kapoor,Data Engineering,Gurugram,153000,2019-08-23
429,Kavya,Patel,Marketing,Bengaluru,89000,2022-12-17
430,Varun,Mehta,Analytics,Mumbai,85000,2024-01-16
431,Karan,Jain,Customer Support,Pune,38000,2019-03-24
432,Sonia,Desai,Procurement,Mumbai,76000,2018-07-27
433,Vikas,Banerjee,Customer Support,Mumbai,70000,2020-08-11
434,Ananya,Singh,Data Engineering,Delhi,185000,2019-02-16
435,Vivek,Sinha,Finance,Chennai,120000,2019-10-09
436,Pooja,Chopra,Analytics,Kolkata,143000,2020-03-27
437,Kavya,Verma,Marketing,Chennai,56000,2025-04-25
438,Shreya,Gupta,Customer Support,Chennai,88000,2019-12-19
439,Pooja,Banerjee,Finance,Chennai,157000,2022-06-15
440,Riya,Nair,Marketing,Chennai,46000,2021-05-07
441,Shreya,Bose,HR,Delhi,76000,2023-02-05
442,Varun,Kapoor,Customer Support,Kolkata,86000,2019-07-04
443,Rohan,Pillai,Marketing,Mumbai,59000,2021-09-16
444,Esha,Desai,Analytics,Pune,151000,2020-02-02
445,Aarav,Desai,Operations,Pune,112000,2025-07-25
446,Gaurav,Nair,Procurement,Gurugram,99000,2023-10-12
447,Manish,Kumar,Data Engineering,Bengaluru,112000,2019-07-30
448,Rakesh,Verma,Sales,Chennai,73000,2022-04-21
449,Ishaan,Pillai,Marketing,Delhi,83000,2024-07-13
450,Shreya,Sharma,Marketing,Delhi,133000,2020-08-25
451,Ananya,Bhat,HR,Kolkata,79000,2019-10-17
452,Nisha,Bhat,Customer Support,Pune,74000,2019-04-26
453,Tanvi,Jain,Marketing,Delhi,123000,2020-06-23
454,Isha,Reddy,Analytics,Hyderabad,118000,2026-05-21
455,Sneha,Shah,Data Engineering,Noida,185000,2026-06-30
456,Sakshi,Agarwal,Sales,Mumbai,127000,2026-06-19
457,Sneha,Chatterjee,HR,Noida,97000,2023-12-04
458,Zoya,Shah,HR,Coimbatore,54000,2018-09-10
459,Sameer,Banerjee,Customer Support,Mumbai,66000,2024-01-08
460,Diya,Nair,Operations,Noida,96000,2019-04-22
461,Vivek,Iyer,Procurement,Kolkata,56000,2023-09-22
462,Priya,Agarwal,IT,Kolkata,71000,2023-10-04
463,Pooja,Pillai,Procurement,Chennai,116000,2023-03-09
464,Vivek,Agarwal,Marketing,Chennai,95000,2020-11-08
465,Aarav,Desai,Sales,Coimbatore,49000,2018-07-05
466,Pranav,Shah,HR,Noida,47000,2018-10-10
467,Rakesh,Patel,Marketing,Gurugram,68000,2019-07-09
468,Varun,Desai,Data Engineering,Delhi,162000,2023-01-12
469,Nikhil,Rao,HR,Noida,57000,2025-04-30
470,Mohit,Singh,Finance,Noida,100000,2023-12-07
471,Deepak,Desai,Sales,Chennai,136000,2018-04-04
472,Kiran,Pillai,Customer Support,Gurugram,64000,2022-04-03
473,Isha,Gupta,Analytics,Delhi,79000,2021-02-03
474,Gaurav,Jain,HR,Chennai,93000,2024-11-23
475,Aditi,Gupta,Sales,Bengaluru,52000,2024-08-29
476,Akash,Pillai,Procurement,Chennai,76000,2026-04-22
477,Akash,Rao,Analytics,Mumbai,129000,2020-06-08
478,Ananya,Reddy,Customer Support,Pune,44000,2026-03-16
479,Shreya,Verma,Procurement,Coimbatore,86000,2020-08-28
480,Kiran,Banerjee,Finance,Noida,78000,2022-08-21
481,Kiran,Mehta,IT,Noida,176000,2024-08-20
482,Farhan,Chopra,Data Engineering,Noida,191000,2018-07-12
483,Mohit,Chopra,Data Engineering,Noida,146000,2025-10-23
484,Pooja,Menon,Finance,Pune,98000,2020-01-24
485,Sakshi,Das,Sales,Mumbai,78000,2025-12-08
486,Diya,Agarwal,Analytics,Chennai,131000,2022-08-18
487,Pooja,Kapoor,Customer Support,Hyderabad,54000,2020-09-21
488,Jatin,Iyer,Operations,Bengaluru,97000,2022-02-28
489,Aryan,Kapoor,Sales,Chennai,74000,2022-03-25
490,Vivek,Bose,Procurement,Chennai,54000,2020-02-10
491,Siddharth,Desai,Customer Support,Mumbai,60000,2020-05-05
492,Meera,Joshi,IT,Mumbai,174000,2020-02-18
493,Chetan,Desai,Analytics,Mumbai,149000,2024-10-11
494,Zoya,Iyer,Data Engineering,Mumbai,147000,2021-03-05
495,Nikhil,Pillai,Customer Support,Delhi,49000,2020-12-07
496,Neha,Mishra,Analytics,Kolkata,72000,2026-02-07
497,Rakesh,Sinha,Operations,Mumbai,87000,2021-07-05
498,Pooja,Patel,Procurement,Mumbai,63000,2018-03-08
499,Jatin,Kapoor,Procurement,Coimbatore,98000,2021-04-24
500,Diya,Iyer,Operations,Mumbai,88000,2024-05-22
501,Ishaan,Das,Customer Support,Delhi,46000,2026-07-24
502,Riya,Desai,Analytics,Kolkata,81000,2026-03-21
503,Mohit,Nair,Finance,Noida,112000,2020-01-24
504,Sakshi,Chopra,IT,Noida,59000,2018-11-01
505,Vikas,Patel,IT,Gurugram,72000,2025-01-27
506,Isha,Kumar,Finance,Chennai,77000,2023-09-03
507,Rahul,Shah,IT,Coimbatore,136000,2025-06-24
508,Sonia,Jain,Analytics,Kolkata,62000,2018-01-28
509,Sakshi,Kapoor,Data Engineering,Chennai,69000,2023-12-09
510,Karan,Kapoor,Marketing,Chennai,109000,2025-10-29
511,Vivek,Menon,Finance,Bengaluru,62000,2023-11-18
512,Diya,Gupta,Sales,Coimbatore,107000,2020-10-30
513,Mohit,Mehta,Data Engineering,Bengaluru,160000,2022-07-22
514,Rahul,Malhotra,Sales,Mumbai,78000,2025-09-02
515,Aryan,Chopra,IT,Bengaluru,106000,2022-04-03
516,Nikhil,Kapoor,Analytics,Chennai,141000,2018-02-08
517,Yash,Nair,HR,Kolkata,95000,2025-03-26
518,Meera,Malhotra,HR,Noida,45000,2020-07-30
519,Harish,Banerjee,Procurement,Kolkata,79000,2018-07-10
520,Arjun,Bhat,Marketing,Noida,117000,2025-05-19
521,Akash,Nair,Operations,Chennai,66000,2024-08-01
522,Diya,Sinha,Data Engineering,Bengaluru,141000,2019-10-28
523,Shreya,Gupta,Procurement,Gurugram,114000,2021-09-20
524,Nikhil,Sinha,Finance,Bengaluru,114000,2026-05-12
525,Mohit,Patel,HR,Gurugram,69000,2018-11-08
526,Meera,Bose,Procurement,Coimbatore,95000,2021-08-29
527,Aditi,Chopra,Marketing,Kolkata,107000,2020-07-23
528,Mohit,Kapoor,Data Engineering,Gurugram,112000,2025-08-16
529,Siddharth,Bhat,Data Engineering,Bengaluru,140000,2020-10-06
530,Zoya,Kumar,HR,Pune,59000,2022-04-06
531,Zoya,Agarwal,Finance,Gurugram,90000,2022-01-17
532,Bhavya,Kumar,IT,Pune,111000,2022-01-14
533,Karan,Singh,Finance,Bengaluru,73000,2022-11-01
534,Priya,Kapoor,Customer Support,Noida,56000,2019-02-28
535,Aditi,Kumar,Operations,Noida,51000,2024-09-11
536,Sneha,Agarwal,Operations,Gurugram,41000,2021-04-10
537,Pooja,Rao,HR,Noida,71000,2024-05-31
538,Sahil,Nair,Data Engineering,Hyderabad,100000,2021-01-06
539,Kiran,Mehta,Analytics,Hyderabad,68000,2019-11-16
540,Pranav,Mehta,Data Engineering,Pune,188000,2018-11-12
541,Neha,Mehta,Sales,Kolkata,116000,2024-11-30
542,Gaurav,Pillai,HR,Hyderabad,78000,2018-01-28
543,Nisha,Verma,Procurement,Gurugram,87000,2022-12-09
544,Meera,Menon,Procurement,Hyderabad,83000,2021-08-06
545,Sneha,Kulkarni,Sales,Kolkata,80000,2019-12-29
546,Nisha,Verma,Marketing,Kolkata,118000,2020-09-19
547,Manish,Rao,Marketing,Gurugram,91000,2019-04-12
548,Shreya,Iyer,Procurement,Noida,68000,2025-08-24
549,Sameer,Sharma,Analytics,Mumbai,116000,2021-04-08
550,Yash,Kumar,Data Engineering,Kolkata,100000,2025-02-07
551,Kiran,Gupta,Marketing,Hyderabad,136000,2022-09-30
552,Nikhil,Kumar,Analytics,Coimbatore,121000,2024-07-12
553,Nisha,Kapoor,Customer Support,Gurugram,64000,2018-05-31
554,Neha,Kulkarni,Customer Support,Coimbatore,70000,2018-12-15
555,Bhavya,Sinha,Sales,Delhi,61000,2025-04-04
556,Sonia,Patel,Procurement,Gurugram,87000,2022-10-30
557,Bhavya,Sharma,HR,Pune,68000,2023-09-23
558,Sahil,Kapoor,Procurement,Coimbatore,73000,2022-12-31
559,Neha,Rao,Analytics,Coimbatore,148000,2023-08-12
560,Diya,Shah,IT,Kolkata,68000,2021-04-25
561,Pooja,Jain,HR,Bengaluru,58000,2021-11-27
562,Kiran,Verma,Analytics,Mumbai,126000,2023-06-02
563,Mohit,Das,HR,Kolkata,97000,2021-07-30
564,Arjun,Joshi,IT,Bengaluru,57000,2021-11-06
565,Varun,Singh,Finance,Mumbai,116000,2019-12-16
566,Sameer,Nair,Operations,Noida,94000,2023-03-08
567,Isha,Agarwal,Data Engineering,Hyderabad,112000,2025-03-08
568,Vikas,Menon,Data Engineering,Chennai,115000,2023-01-16
569,Siddharth,Menon,Data Engineering,Chennai,119000,2020-04-22
570,Karan,Sinha,HR,Coimbatore,53000,2024-01-09
571,Farhan,Shah,Operations,Mumbai,98000,2019-04-12
572,Jatin,Bhat,Analytics,Noida,141000,2021-07-07
573,Sneha,Rao,Procurement,Gurugram,120000,2019-04-13
574,Mohit,Shah,Analytics,Coimbatore,82000,2025-07-22
575,Zoya,Agarwal,Marketing,Coimbatore,120000,2018-12-14
576,Vivek,Reddy,Operations,Bengaluru,70000,2021-06-04
577,Chetan,Nair,Operations,Hyderabad,105000,2022-05-11
578,Pooja,Bose,Finance,Coimbatore,99000,2022-09-29
579,Farhan,Das,Customer Support,Hyderabad,65000,2019-11-15
580,Riya,Joshi,Finance,Hyderabad,90000,2023-01-22
581,Sonia,Patel,Operations,Chennai,102000,2019-07-14
582,Gaurav,Naidu,Data Engineering,Noida,194000,2025-04-28
583,Riya,Menon,Analytics,Gurugram,150000,2022-12-24
584,Riya,Nair,HR,Coimbatore,43000,2026-07-15
585,Isha,Joshi,IT,Pune,83000,2024-01-12
586,Kavya,Nair,Analytics,Coimbatore,155000,2026-08-04
587,Riya,Kapoor,Customer Support,Bengaluru,66000,2019-04-13
588,Karan,Sinha,Customer Support,Delhi,64000,2026-06-27
589,Akash,Sinha,Analytics,Noida,87000,2022-10-08
590,Bhavya,Desai,Sales,Pune,44000,2023-01-17
591,Jatin,Shah,HR,Kolkata,55000,2020-08-28
592,Harish,Agarwal,Procurement,Delhi,123000,2025-02-04
593,Pranav,Nair,Procurement,Hyderabad,71000,2020-04-27
594,Ananya,Malhotra,Operations,Noida,75000,2024-09-10
595,Sakshi,Nair,Operations,Pune,77000,2024-06-03
596,Karan,Chatterjee,Customer Support,Bengaluru,38000,2026-05-31
597,Pooja,Jain,IT,Pune,165000,2025-05-10
598,Deepak,Kulkarni,Finance,Mumbai,68000,2025-12-23
599,Manish,Naidu,Sales,Gurugram,102000,2019-08-06
600,Shreya,Chopra,Marketing,Gurugram,93000,2023-01-26
601,Arjun,Chopra,HR,Gurugram,105000,2026-05-30
602,Karan,Kulkarni,Operations,Kolkata,102000,2021-09-02
603,Siddharth,Sharma,HR,Kolkata,85000,2018-09-17
604,Sakshi,Rao,Sales,Gurugram,145000,2020-05-17
605,Riya,Mehta,Operations,Pune,83000,2024-02-20
606,Shreya,Reddy,Procurement,Kolkata,88000,2025-08-27
607,Ananya,Patel,HR,Kolkata,42000,2019-05-24
608,Esha,Pillai,Analytics,Chennai,114000,2020-04-08
609,Yash,Jain,Finance,Pune,70000,2021-01-27
610,Aryan,Chopra,Operations,Pune,50000,2022-03-04
611,Vikas,Banerjee,Finance,Chennai,100000,2025-01-06
612,Kiran,Desai,Sales,Gurugram,123000,2019-01-09
613,Zoya,Singh,IT,Mumbai,116000,2018-11-16
614,Deepak,Malhotra,Sales,Noida,127000,2022-12-28
615,Aarav,Sharma,Operations,Bengaluru,94000,2025-10-13
616,Deepak,Das,HR,Mumbai,89000,2019-01-01
617,Bhavya,Singh,Operations,Delhi,78000,2019-07-16
618,Nikhil,Sinha,Finance,Hyderabad,58000,2023-12-13
619,Shreya,Sharma,Procurement,Hyderabad,101000,2021-12-09
620,Harish,Chopra,Finance,Gurugram,128000,2025-09-13
621,Priya,Chatterjee,Sales,Bengaluru,52000,2019-07-28
622,Chetan,Malhotra,Data Engineering,Delhi,174000,2021-07-12
623,Deepak,Gupta,Marketing,Bengaluru,76000,2024-03-16
624,Sneha,Bose,Procurement,Pune,48000,2025-05-20
625,Kiran,Iyer,Customer Support,Coimbatore,62000,2020-02-12
626,Nisha,Joshi,IT,Mumbai,118000,2022-04-30
627,Chetan,Gupta,Analytics,Coimbatore,69000,2023-12-04
628,Aarav,Shah,Operations,Hyderabad,89000,2024-05-17
629,Pooja,Shah,Customer Support,Hyderabad,78000,2023-04-14
630,Arjun,Sharma,Procurement,Bengaluru,46000,2020-12-09
631,Harish,Patel,IT,Gurugram,119000,2021-03-19
632,Tanvi,Kulkarni,Customer Support,Gurugram,57000,2025-11-14
633,Nisha,Kumar,Customer Support,Noida,69000,2019-09-18
634,Karan,Kumar,Marketing,Bengaluru,110000,2020-04-12
635,Diya,Kapoor,Operations,Gurugram,115000,2025-02-11
636,Varun,Bhat,HR,Pune,95000,2026-03-09
637,Ishaan,Patel,Sales,Bengaluru,95000,2019-04-21
638,Rahul,Bose,Procurement,Chennai,84000,2025-06-21
639,Vikas,Desai,Finance,Bengaluru,51000,2025-12-09
640,Deepak,Kulkarni,IT,Hyderabad,118000,2021-11-21
641,Sahil,Mishra,Marketing,Hyderabad,92000,2019-06-04
642,Karan,Desai,HR,Chennai,82000,2022-10-25
643,Karan,Mishra,HR,Pune,113000,2025-01-14
644,Arjun,Das,Analytics,Noida,106000,2018-08-16
645,Riya,Chatterjee,Procurement,Hyderabad,92000,2019-10-07
646,Jatin,Sinha,HR,Coimbatore,54000,2020-07-24
647,Rohan,Sharma,IT,Chennai,86000,2018-07-08
648,Rakesh,Shah,Data Engineering,Hyderabad,110000,2018-05-25
649,Sameer,Agarwal,Data Engineering,Mumbai,147000,2020-10-13
650,Pooja,Jain,Operations,Pune,49000,2024-05-30
651,Neha,Singh,Customer Support,Chennai,41000,2020-07-03
652,Sahil,Patel,Data Engineering,Bengaluru,184000,2021-03-02
653,Kiran,Verma,HR,Noida,98000,2018-02-02
654,Neha,Iyer,Marketing,Coimbatore,83000,2026-04-18
655,Sonia,Gupta,Analytics,Delhi,135000,2023-07-14
656,Gaurav,Desai,Customer Support,Mumbai,39000,2018-01-27
657,Pooja,Sharma,Sales,Noida,84000,2025-02-17
658,Yash,Banerjee,IT,Delhi,55000,2026-07-06
659,Vikas,Rao,Marketing,Bengaluru,71000,2023-12-11
660,Ishaan,Menon,Analytics,Chennai,78000,2025-12-24
661,Karan,Kumar,IT,Mumbai,169000,2023-10-30
662,Pooja,Kulkarni,Operations,Kolkata,50000,2024-07-06
663,Bhavya,Mishra,Finance,Gurugram,59000,2024-08-21
664,Shreya,Patel,Data Engineering,Hyderabad,125000,2021-04-09
665,Jatin,Chatterjee,Operations,Gurugram,129000,2026-04-01
666,Manish,Verma,Analytics,Pune,89000,2018-11-02
667,Gaurav,Reddy,Procurement,Bengaluru,64000,2019-03-09
668,Esha,Pillai,Analytics,Delhi,112000,2019-05-10
669,Sakshi,Shah,Sales,Kolkata,79000,2023-03-13
670,Jatin,Chatterjee,HR,Bengaluru,60000,2025-09-11
671,Kiran,Naidu,Procurement,Chennai,72000,2021-09-04
672,Diya,Kumar,Sales,Delhi,90000,2023-10-05
673,Ananya,Bhat,Marketing,Pune,67000,2018-05-08
674,Nisha,Chatterjee,Analytics,Noida,155000,2024-03-03
675,Ishaan,Singh,Analytics,Bengaluru,162000,2019-07-27
676,Chetan,Sharma,IT,Mumbai,71000,2020-03-22
677,Nisha,Shah,HR,Coimbatore,115000,2020-11-26
678,Arjun,Sharma,HR,Mumbai,96000,2019-06-12
679,Aryan,Banerjee,Operations,Bengaluru,45000,2023-03-04
680,Ananya,Nair,Procurement,Gurugram,95000,2023-07-26
681,Aditi,Rao,Data Engineering,Hyderabad,155000,2020-05-29
682,Farhan,Mehta,Marketing,Kolkata,64000,2018-05-22
683,Sonia,Bose,Procurement,Mumbai,127000,2021-04-23
684,Riya,Menon,Customer Support,Kolkata,33000,2018-12-26
685,Karan,Rao,Finance,Gurugram,75000,2025-03-17
686,Sahil,Gupta,Customer Support,Chennai,54000,2025-12-31
687,Mohit,Das,Customer Support,Kolkata,52000,2024-05-05
688,Rohan,Verma,Data Engineering,Pune,111000,2018-04-17
689,Manish,Bose,Sales,Chennai,143000,2021-02-24
690,Ananya,Agarwal,Analytics,Noida,105000,2026-08-07
691,Siddharth,Gupta,Finance,Bengaluru,81000,2025-05-14
692,Ishaan,Mehta,Customer Support,Chennai,78000,2020-06-17
693,Shreya,Chatterjee,Data Engineering,Delhi,109000,2019-12-23
694,Ishaan,Malhotra,Operations,Delhi,115000,2018-04-26
695,Zoya,Kulkarni,Operations,Coimbatore,112000,2019-08-06
696,Shreya,Iyer,Analytics,Noida,99000,2019-12-21
697,Riya,Patel,HR,Chennai,69000,2024-09-30
698,Isha,Sharma,Customer Support,Kolkata,30000,2021-09-20
699,Sonia,Iyer,Finance,Delhi,141000,2019-12-28
700,Manish,Patel,IT,Hyderabad,130000,2025-11-26
701,Diya,Sinha,HR,Noida,86000,2018-10-25
702,Neha,Kulkarni,Data Engineering,Coimbatore,90000,2021-10-10
703,Kiran,Verma,Finance,Hyderabad,143000,2022-11-25
704,Tanvi,Das,Operations,Hyderabad,130000,2024-04-20
705,Yash,Banerjee,Procurement,Delhi,73000,2025-06-19
706,Siddharth,Naidu,Finance,Gurugram,89000,2026-03-26
707,Yash,Joshi,Finance,Hyderabad,143000,2018-01-08
708,Yash,Malhotra,Data Engineering,Coimbatore,73000,2020-01-16
709,Sneha,Verma,Procurement,Mumbai,126000,2024-05-05
710,Bhavya,Jain,Analytics,Hyderabad,102000,2026-05-11
711,Arjun,Gupta,Operations,Delhi,61000,2025-02-18
712,Aryan,Naidu,Operations,Kolkata,41000,2020-12-22
713,Harish,Gupta,HR,Delhi,72000,2019-03-19
714,Aarav,Patel,Data Engineering,Kolkata,172000,2019-11-13
715,Pooja,Das,Data Engineering,Delhi,161000,2019-02-20
716,Rakesh,Agarwal,Procurement,Mumbai,65000,2023-01-23
717,Arjun,Agarwal,IT,Pune,57000,2021-07-29
718,Jatin,Singh,HR,Delhi,61000,2022-03-18
719,Esha,Desai,HR,Noida,51000,2021-10-16
720,Sneha,Bose,Analytics,Chennai,115000,2025-05-01
721,Esha,Bose,Data Engineering,Hyderabad,78000,2019-02-19
722,Meera,Iyer,Sales,Gurugram,129000,2024-03-19
723,Sakshi,Mehta,Marketing,Pune,75000,2019-01-28
724,Ananya,Rao,Procurement,Noida,107000,2019-09-22
725,Ananya,Shah,IT,Gurugram,66000,2021-04-21
726,Vikas,Chopra,Procurement,Kolkata,70000,2019-02-02
727,Aditi,Iyer,Finance,Pune,60000,2023-04-24
728,Chetan,Joshi,Data Engineering,Kolkata,190000,2025-05-31
729,Jatin,Kumar,Customer Support,Gurugram,41000,2022-02-28
730,Nikhil,Shah,Finance,Kolkata,55000,2020-12-14
731,Priya,Pillai,Marketing,Mumbai,79000,2024-04-30
732,Ananya,Reddy,HR,Bengaluru,84000,2024-01-27
733,Pooja,Sinha,Procurement,Mumbai,115000,2018-09-07
734,Nikhil,Naidu,Customer Support,Gurugram,64000,2025-09-15
735,Rakesh,Malhotra,Sales,Kolkata,78000,2018-11-20
736,Nisha,Banerjee,IT,Noida,128000,2023-10-18
737,Shreya,Bhat,Procurement,Hyderabad,60000,2026-06-29
738,Priya,Nair,Finance,Mumbai,153000,2020-02-29
739,Deepak,Patel,Data Engineering,Bengaluru,176000,2020-04-07
740,Tanvi,Reddy,Procurement,Pune,85000,2026-02-26
741,Arjun,Kumar,Data Engineering,Noida,166000,2024-03-11
742,Manish,Chatterjee,Marketing,Noida,103000,2018-02-20
743,Yash,Bose,Procurement,Noida,98000,2019-04-06
744,Pooja,Reddy,Finance,Coimbatore,125000,2024-07-14
745,Bhavya,Jain,HR,Coimbatore,52000,2021-03-17
746,Sakshi,Banerjee,Operations,Gurugram,73000,2022-04-18
747,Varun,Das,Procurement,Coimbatore,105000,2018-06-03
748,Farhan,Mehta,Data Engineering,Hyderabad,167000,2018-06-08
749,Nisha,Banerjee,Operations,Mumbai,46000,2026-05-13
750,Rakesh,Jain,Marketing,Delhi,47000,2021-10-15
751,Kiran,Joshi,Marketing,Kolkata,134000,2025-09-06
752,Bhavya,Chatterjee,Sales,Hyderabad,78000,2026-05-05
753,Priya,Sinha,Operations,Pune,93000,2024-10-13
754,Varun,Kumar,Sales,Kolkata,67000,2022-07-26
755,Riya,Sinha,Customer Support,Delhi,82000,2018-08-19
756,Rohan,Agarwal,Finance,Bengaluru,89000,2025-12-16
757,Rohan,Rao,Finance,Noida,122000,2018-04-29
758,Farhan,Iyer,Sales,Chennai,71000,2018-05-16
759,Rahul,Patel,Operations,Mumbai,75000,2022-02-17
760,Rahul,Mishra,Data Engineering,Bengaluru,72000,2020-09-17
761,Neha,Das,Procurement,Kolkata,67000,2023-04-28
762,Siddharth,Kapoor,Operations,Delhi,60000,2020-11-25
763,Yash,Kumar,Marketing,Chennai,94000,2018-07-23
764,Esha,Chatterjee,Procurement,Mumbai,73000,2025-04-05
765,Isha,Bhat,Sales,Pune,123000,2022-08-05
766,Rohan,Sharma,IT,Kolkata,171000,2019-06-26
767,Varun,Nair,Procurement,Chennai,73000,2020-10-30
768,Sneha,Agarwal,Marketing,Pune,99000,2022-03-23
769,Mohit,Pillai,Marketing,Mumbai,104000,2021-05-22
770,Vivek,Mishra,Procurement,Gurugram,119000,2019-02-24
771,Aarav,Mishra,Operations,Noida,122000,2024-08-29
772,Sneha,Joshi,Marketing,Bengaluru,106000,2018-09-19
773,Meera,Mehta,Operations,Pune,73000,2025-05-11
774,Zoya,Banerjee,Marketing,Mumbai,64000,2023-10-20
775,Ishaan,Banerjee,IT,Coimbatore,106000,2025-05-29
776,Manish,Bhat,Finance,Chennai,133000,2023-07-31
777,Kavya,Mehta,Data Engineering,Gurugram,164000,2026-04-06
778,Akash,Malhotra,Procurement,Mumbai,88000,2026-02-23
779,Zoya,Gupta,Customer Support,Kolkata,88000,2025-07-14
780,Mohit,Mishra,Marketing,Hyderabad,129000,2024-04-05
781,Farhan,Joshi,HR,Kolkata,56000,2026-04-23
782,Jatin,Desai,Customer Support,Hyderabad,90000,2025-08-16
783,Meera,Chopra,HR,Mumbai,85000,2020-07-03
784,Kiran,Menon,Operations,Delhi,73000,2024-07-26
785,Kavya,Pillai,HR,Kolkata,46000,2025-02-11
786,Siddharth,Malhotra,Procurement,Bengaluru,105000,2020-03-07
787,Rohan,Singh,Data Engineering,Noida,141000,2022-08-20
788,Ananya,Chatterjee,Finance,Hyderabad,75000,2021-11-04
789,Pooja,Malhotra,Analytics,Hyderabad,100000,2026-01-10
790,Farhan,Sinha,HR,Kolkata,82000,2025-01-28
791,Farhan,Verma,IT,Chennai,112000,2021-01-25
792,Harish,Sinha,Finance,Coimbatore,147000,2019-10-11
793,Riya,Agarwal,HR,Hyderabad,118000,2022-11-12
794,Tanvi,Menon,Data Engineering,Gurugram,187000,2022-04-20
795,Aarav,Patel,Customer Support,Mumbai,76000,2022-03-09
796,Aarav,Banerjee,Operations,Noida,64000,2018-03-15
797,Vivek,Sharma,Sales,Mumbai,128000,2021-11-11
798,Kiran,Reddy,HR,Gurugram,104000,2024-08-08
799,Kiran,Nair,HR,Chennai,78000,2021-04-06
800,Rahul,Desai,Customer Support,Coimbatore,63000,2021-10-15
801,Pranav,Banerjee,Finance,Delhi,112000,2022-01-11
802,Gaurav,Nair,Data Engineering,Chennai,123000,2020-07-07
803,Deepak,Iyer,IT,Coimbatore,119000,2019-11-24
804,Chetan,Shah,IT,Gurugram,167000,2025-03-07
805,Jatin,Sinha,Customer Support,Coimbatore,33000,2024-08-29
806,Ananya,Bhat,HR,Chennai,46000,2025-09-26
807,Chetan,Menon,Analytics,Gurugram,75000,2024-02-20
808,Jatin,Das,Finance,Mumbai,138000,2025-09-09
809,Tanvi,Sharma,Marketing,Gurugram,129000,2019-02-18
810,Vikas,Mishra,Marketing,Coimbatore,122000,2025-11-10
811,Deepak,Menon,HR,Noida,119000,2019-04-28
812,Kavya,Singh,HR,Kolkata,65000,2024-10-30
813,Gaurav,Sinha,Marketing,Noida,70000,2022-01-06
814,Zoya,Menon,Marketing,Hyderabad,50000,2024-02-24
815,Riya,Jain,Sales,Kolkata,82000,2020-08-18
816,Aarav,Sharma,HR,Bengaluru,113000,2025-07-03
817,Riya,Reddy,HR,Noida,49000,2026-02-11
818,Bhavya,Banerjee,Marketing,Mumbai,103000,2021-04-27
819,Jatin,Pillai,IT,Bengaluru,159000,2019-12-17
820,Akash,Chatterjee,Marketing,Delhi,131000,2021-07-04
821,Pranav,Desai,HR,Bengaluru,45000,2018-02-09
822,Deepak,Bhat,Finance,Delhi,95000,2022-11-28
823,Sonia,Mehta,HR,Delhi,83000,2020-01-20
824,Chetan,Rao,Data Engineering,Kolkata,134000,2022-04-29
825,Yash,Chatterjee,Analytics,Gurugram,143000,2019-11-15
826,Chetan,Reddy,IT,Hyderabad,68000,2022-09-01
827,Siddharth,Das,Procurement,Kolkata,68000,2024-11-08
828,Nikhil,Sinha,Operations,Coimbatore,43000,2025-09-04
829,Deepak,Das,Analytics,Bengaluru,173000,2022-08-12
830,Priya,Patel,HR,Pune,80000,2018-02-20
831,Zoya,Chatterjee,Customer Support,Coimbatore,76000,2024-05-03
832,Isha,Bhat,Operations,Noida,106000,2025-09-20
833,Yash,Bose,HR,Gurugram,71000,2023-05-28
834,Mohit,Bhat,Data Engineering,Hyderabad,78000,2018-02-17
835,Varun,Jain,Finance,Noida,158000,2023-04-07
836,Riya,Chatterjee,Finance,Bengaluru,146000,2023-07-07
837,Manish,Gupta,Operations,Pune,46000,2023-09-08
838,Isha,Kapoor,Data Engineering,Gurugram,125000,2018-11-19
839,Rahul,Pillai,Procurement,Kolkata,56000,2023-08-04
840,Priya,Verma,HR,Kolkata,42000,2019-02-25
841,Nisha,Menon,IT,Noida,125000,2018-01-01
842,Aryan,Agarwal,Procurement,Coimbatore,126000,2021-06-01
843,Rohan,Kapoor,Sales,Kolkata,83000,2022-01-28
844,Ananya,Naidu,Sales,Kolkata,82000,2024-04-13
845,Sonia,Bose,Analytics,Delhi,151000,2023-01-28
846,Chetan,Singh,Sales,Chennai,83000,2021-12-25
847,Tanvi,Agarwal,Marketing,Noida,111000,2022-03-12
848,Yash,Singh,IT,Hyderabad,118000,2019-07-30
849,Zoya,Desai,Data Engineering,Bengaluru,130000,2024-11-07
850,Gaurav,Iyer,HR,Gurugram,67000,2023-02-16
851,Gaurav,Kulkarni,Operations,Bengaluru,93000,2018-07-10
852,Tanvi,Naidu,Procurement,Bengaluru,102000,2023-02-17
853,Vikas,Malhotra,Customer Support,Hyderabad,61000,2018-01-18
854,Sahil,Desai,IT,Noida,174000,2022-11-08
855,Siddharth,Das,Customer Support,Hyderabad,74000,2024-06-27
856,Farhan,Desai,Finance,Bengaluru,99000,2025-05-17
857,Sneha,Bose,Operations,Noida,89000,2022-09-11
858,Sneha,Jain,Sales,Pune,90000,2021-11-05
859,Kavya,Pillai,Finance,Hyderabad,102000,2024-10-03
860,Yash,Banerjee,Customer Support,Pune,83000,2025-11-13
861,Sameer,Chatterjee,Operations,Noida,120000,2020-06-09
862,Gaurav,Iyer,Procurement,Pune,89000,2025-07-17
863,Deepak,Kulkarni,Finance,Noida,119000,2025-10-14
864,Tanvi,Verma,HR,Delhi,111000,2023-05-22
865,Siddharth,Malhotra,Data Engineering,Noida,138000,2022-09-27
866,Aarav,Mishra,HR,Chennai,88000,2019-08-19
867,Ananya,Bhat,IT,Mumbai,89000,2026-05-31
868,Esha,Joshi,Marketing,Hyderabad,52000,2025-09-29
869,Kavya,Iyer,Customer Support,Chennai,52000,2023-01-28
870,Bhavya,Bose,Customer Support,Mumbai,77000,2025-04-04
871,Sameer,Rao,Sales,Noida,140000,2025-10-22
872,Kavya,Kulkarni,IT,Gurugram,104000,2022-09-03
873,Vivek,Verma,Customer Support,Chennai,30000,2026-05-05
874,Jatin,Iyer,Procurement,Kolkata,73000,2025-02-08
875,Zoya,Kulkarni,Operations,Coimbatore,109000,2026-04-13
876,Sneha,Iyer,Sales,Pune,97000,2019-12-28
877,Vivek,Kumar,Finance,Hyderabad,144000,2023-10-06
878,Chetan,Rao,IT,Gurugram,90000,2024-03-29
879,Jatin,Reddy,Finance,Coimbatore,158000,2020-11-10
880,Aarav,Verma,Analytics,Hyderabad,65000,2019-09-22
881,Manish,Bose,IT,Coimbatore,162000,2025-06-04
882,Kiran,Das,Procurement,Noida,90000,2018-10-26
883,Zoya,Verma,Customer Support,Mumbai,41000,2023-11-03
884,Arjun,Agarwal,Customer Support,Hyderabad,56000,2024-02-03
885,Sakshi,Rao,HR,Delhi,68000,2020-05-23
886,Vikas,Verma,Operations,Delhi,77000,2020-06-13
887,Sonia,Mishra,Analytics,Noida,165000,2026-06-08
888,Varun,Sharma,HR,Delhi,97000,2020-09-11
889,Varun,Bose,Procurement,Mumbai,50000,2025-08-27
890,Manish,Rao,HR,Gurugram,72000,2024-01-22
891,Kavya,Sharma,Customer Support,Delhi,62000,2023-09-15
892,Priya,Das,IT,Pune,169000,2025-04-22
893,Gaurav,Verma,Customer Support,Bengaluru,90000,2019-01-29
894,Esha,Sinha,Customer Support,Noida,30000,2025-01-11
895,Arjun,Iyer,Sales,Gurugram,146000,2019-03-02
896,Harish,Kapoor,Data Engineering,Bengaluru,104000,2018-04-08
897,Rahul,Kulkarni,Operations,Chennai,51000,2018-10-28
898,Ananya,Nair,Marketing,Noida,54000,2024-06-13
899,Isha,Jain,Marketing,Gurugram,94000,2023-01-22
900,Tanvi,Rao,Data Engineering,Delhi,69000,2022-05-15
901,Vivek,Singh,Customer Support,Chennai,71000,2026-01-29
902,Sonia,Kumar,Procurement,Chennai,54000,2022-01-05
903,Rohan,Singh,Marketing,Pune,122000,2018-12-21
904,Kavya,Sinha,Analytics,Gurugram,110000,2025-05-30
905,Aditi,Das,Finance,Noida,78000,2019-07-13
906,Nisha,Agarwal,Customer Support,Pune,70000,2019-08-14
907,Kiran,Bhat,Operations,Chennai,110000,2024-03-23
908,Diya,Singh,IT,Chennai,128000,2024-09-09
909,Nisha,Kapoor,Customer Support,Bengaluru,49000,2020-05-10
910,Mohit,Iyer,Data Engineering,Noida,101000,2019-10-22
911,Farhan,Gupta,Procurement,Pune,69000,2019-04-15
912,Farhan,Bhat,Procurement,Chennai,115000,2023-03-05
913,Varun,Kapoor,HR,Pune,48000,2020-10-23
914,Bhavya,Iyer,Procurement,Kolkata,87000,2022-01-02
915,Deepak,Bhat,Sales,Bengaluru,76000,2024-12-12
916,Arjun,Banerjee,Sales,Delhi,102000,2023-01-20
917,Meera,Bose,Marketing,Coimbatore,64000,2024-05-05
918,Shreya,Shah,Operations,Gurugram,61000,2018-01-20
919,Manish,Gupta,Sales,Gurugram,75000,2022-01-12
920,Deepak,Bhat,Operations,Kolkata,99000,2022-12-30
921,Mohit,Sinha,Marketing,Kolkata,115000,2019-03-22
922,Farhan,Chopra,Procurement,Bengaluru,80000,2019-07-28
923,Sakshi,Iyer,Marketing,Bengaluru,138000,2018-11-05
924,Aditi,Chatterjee,Customer Support,Chennai,82000,2024-07-11
925,Siddharth,Rao,Procurement,Mumbai,49000,2024-03-09
926,Jatin,Kapoor,Customer Support,Kolkata,71000,2019-09-01
927,Neha,Rao,Sales,Coimbatore,133000,2021-04-06
928,Deepak,Pillai,Customer Support,Noida,35000,2022-06-14
929,Neha,Mishra,IT,Mumbai,163000,2024-11-20
930,Vivek,Nair,Customer Support,Hyderabad,58000,2019-10-15
931,Farhan,Malhotra,Procurement,Hyderabad,106000,2022-01-09
932,Akash,Gupta,Analytics,Mumbai,68000,2020-12-18
933,Neha,Gupta,IT,Mumbai,121000,2022-01-19
934,Nikhil,Das,Analytics,Chennai,65000,2025-04-10
935,Manish,Singh,Customer Support,Pune,83000,2026-04-27
936,Jatin,Malhotra,Customer Support,Coimbatore,41000,2022-03-23
937,Varun,Rao,Operations,Coimbatore,123000,2018-11-15
938,Sahil,Mehta,Data Engineering,Mumbai,197000,2022-07-21
939,Mohit,Naidu,Operations,Kolkata,101000,2024-10-10
940,Aarav,Mishra,Finance,Kolkata,71000,2020-07-31
941,Arjun,Mishra,Marketing,Mumbai,64000,2020-02-05
942,Esha,Shah,Procurement,Bengaluru,129000,2020-08-01
943,Pooja,Agarwal,Operations,Bengaluru,101000,2025-07-28
944,Rakesh,Das,Sales,Coimbatore,60000,2025-04-05
945,Pooja,Sharma,Sales,Chennai,56000,2024-06-07
946,Siddharth,Nair,Finance,Noida,55000,2024-06-02
947,Diya,Patel,Finance,Pune,73000,2023-10-18
948,Nisha,Bose,Procurement,Chennai,129000,2021-03-07
949,Aryan,Iyer,Analytics,Coimbatore,120000,2023-05-27
950,Esha,Gupta,Data Engineering,Coimbatore,101000,2024-07-14
951,Farhan,Bose,Customer Support,Pune,40000,2026-02-14
952,Vivek,Verma,Analytics,Coimbatore,135000,2018-10-09
953,Isha,Rao,Data Engineering,Hyderabad,92000,2018-03-09
954,Gaurav,Mishra,Customer Support,Gurugram,82000,2019-09-05
955,Sneha,Singh,Finance,Kolkata,128000,2024-09-22
956,Akash,Banerjee,Customer Support,Noida,78000,2019-04-27
957,Aryan,Das,Finance,Coimbatore,119000,2018-01-05
958,Vivek,Chopra,Data Engineering,Noida,172000,2022-02-26
959,Akash,Kulkarni,Customer Support,Gurugram,44000,2023-05-29
960,Nikhil,Shah,Procurement,Coimbatore,57000,2022-10-09
961,Deepak,Mehta,Analytics,Mumbai,176000,2018-12-10
962,Kavya,Bose,Customer Support,Gurugram,46000,2020-02-14
963,Aarav,Kulkarni,IT,Coimbatore,121000,2019-04-28
964,Sahil,Sharma,Data Engineering,Mumbai,145000,2022-08-02
965,Neha,Singh,Finance,Gurugram,133000,2024-07-25
966,Jatin,Mehta,Customer Support,Gurugram,66000,2022-02-06
967,Sonia,Mehta,Data Engineering,Mumbai,170000,2024-03-11
968,Sameer,Das,Finance,Delhi,121000,2024-03-22
969,Rakesh,Mehta,Marketing,Coimbatore,89000,2025-11-29
970,Nisha,Desai,Finance,Bengaluru,145000,2020-07-30
971,Priya,Agarwal,Finance,Bengaluru,77000,2023-09-14
972,Nisha,Agarwal,Operations,Noida,118000,2025-10-26
973,Vivek,Kulkarni,IT,Hyderabad,104000,2025-02-17
974,Aarav,Agarwal,HR,Hyderabad,100000,2024-09-24
975,Pranav,Kumar,HR,Pune,68000,2022-02-27
976,Aryan,Bose,IT,Gurugram,174000,2022-06-30
977,Sonia,Chopra,Customer Support,Pune,75000,2024-09-13
978,Ananya,Sinha,Finance,Kolkata,106000,2018-02-13
979,Gaurav,Chatterjee,Customer Support,Pune,42000,2018-05-18
980,Sneha,Mishra,Customer Support,Mumbai,69000,2019-11-26
981,Vivek,Patel,Operations,Mumbai,123000,2018-01-02
982,Esha,Kumar,Marketing,Gurugram,90000,2025-07-05
983,Nisha,Rao,Procurement,Mumbai,111000,2018-03-04
984,Zoya,Kumar,HR,Noida,76000,2026-02-22
985,Sameer,Jain,Procurement,Delhi,89000,2021-02-06
986,Isha,Bose,Sales,Kolkata,91000,2024-06-12
987,Aarav,Mehta,Finance,Gurugram,114000,2019-03-13
988,Sameer,Kumar,Customer Support,Pune,51000,2019-04-25
989,Rohan,Mehta,Customer Support,Coimbatore,46000,2025-10-14
990,Priya,Rao,Procurement,Kolkata,76000,2026-06-30
991,Meera,Sinha,Analytics,Kolkata,174000,2024-07-31
992,Aditi,Das,HR,Pune,48000,2022-04-17
993,Tanvi,Agarwal,Sales,Mumbai,142000,2021-07-17
994,Pooja,Shah,Customer Support,Noida,30000,2025-11-10
995,Jatin,Gupta,Marketing,Bengaluru,96000,2025-07-22
996,Meera,Kumar,Customer Support,Hyderabad,60000,2021-07-09
997,Mohit,Iyer,Procurement,Pune,68000,2026-05-15
998,Vivek,Jain,Sales,Kolkata,134000,2020-03-28
999,Ishaan,Desai,Sales,Pune,66000,2020-07-27
1000,Gaurav,Naidu,Sales,Coimbatore,85000,2019-10-01
